{
    "4x16G FC IO模块": "24002460",
    "10Gb SFP+多模光模块": "3002531",
    "16G SFP+多模FC光模块": "3002677",
    "10G/1G自适应SFP+多模光模块": "P1003",
    "550W电源模块": "33000269",
    "3U16盘位磁盘阵列": "45000803",
    "4U28盘位磁盘阵列": "45001082",
    "4U24盘位磁盘阵列": "45001051",
    "3U16盘位扩展柜": "45000872",
    "4U24盘位扩展柜": "45001022",
    "DDR4 3200 REG 32GB": "50000497",
    "DDR4 3200 REG 16GB": "50000553",
    "600G 10k 2.5 SAS 硬盘": "54001117",
    "4TB 3.5吋7200转NL-SAS硬盘": "54000473",
    "8TB 3.5吋7200转NL-SAS硬盘": "54000873",
    "16TB 3.5吋7200转NL-SAS硬盘": "54001673",
    "960GB 2.5吋 SAS SSD硬盘": "50009682",
    "1.92TB 2.5吋 SAS SSD硬盘": "50001982"
}